[
  {
    "username": "Shubham@gmail.com",
    "password": "shubham"
  },
  {
    "username": "lmaoshubham@gmail.com",
    "password": "lmaoshubham"
  },
  {
    "username": "bhoye@gmail.com",
    "password": "bhoye"
  },
  {
    "username": "shubham",
    "password": "123"
  },
  {
    "username": "shreyas",
    "password": "789"
  },
  {
    "username": "HotBoy2",
    "password": "882"
  },
  {
    "username": "sdas",
    "password": "123"
  },
  {
    "username": "myname",
    "password": "456"
  }
]